4221081062,TestData\20210810072248171_0001.jpg
4221081062,TestData\20210810072248171_0002.jpg
4221081062,TestData\20210810072248171_0003.jpg
4221081062,TestData\20210810072248171_0004.jpg
4221081090,TestData\20210810072248171_0005.jpg
4221081090,TestData\20210810072248171_0006.jpg
4221081090,TestData\20210810072248171_0007.jpg
4221081090,TestData\20210810072248171_0008.jpg
4221081093,TestData\20210810072248171_0009.jpg
4221081093,TestData\20210810072248171_0010.jpg
4221081093,TestData\20210810072248171_0011.jpg
4221081093,TestData\20210810072248171_0012.jpg
4221081101,TestData\20210810072248171_0013.jpg
4221081101,TestData\20210810072248171_0014.jpg
4221081101,TestData\20210810072248171_0015.jpg
4221081101,TestData\20210810072248171_0016.jpg
4221081180,TestData\20210810072248171_0017.jpg
4221081180,TestData\20210810072248171_0018.jpg
4221081180,TestData\20210810072248171_0019.jpg
4221081180,TestData\20210810072248171_0020.jpg
4221081205,TestData\20210810072248171_0021.jpg
4221081205,TestData\20210810072248171_0022.jpg
4221081205,TestData\20210810072248171_0023.jpg
4221081205,TestData\20210810072248171_0024.jpg
4221081247,TestData\20210810072248171_0025.jpg
4221081247,TestData\20210810072248171_0026.jpg
4221081247,TestData\20210810072248171_0027.jpg
4221081247,TestData\20210810072248171_0028.jpg
4221081251,TestData\20210810072248171_0029.jpg
4221081251,TestData\20210810072248171_0030.jpg
4221081251,TestData\20210810072248171_0031.jpg
4221081251,TestData\20210810072248171_0032.jpg
7621087210,TestData\20210810104858445_0001.jpg
7621087210,TestData\20210810104858445_0002.jpg
7621087210,TestData\20210810104858445_0003.jpg
7621087210,TestData\20210810104858445_0004.jpg
7621087211,TestData\20210810104858445_0005.jpg
7621087211,TestData\20210810104858445_0006.jpg
7621087211,TestData\20210810104858445_0007.jpg
7621087211,TestData\20210810104858445_0008.jpg
7621087212,TestData\20210810104858445_0009.jpg
7621087212,TestData\20210810104858445_0010.jpg
7621087212,TestData\20210810104858445_0011.jpg
7621087212,TestData\20210810104858445_0012.jpg
7621087213,TestData\20210810104858445_0013.jpg
7621087213,TestData\20210810104858445_0014.jpg
7621087213,TestData\20210810104858445_0015.jpg
7521087213,TestData\20210810104858445_0016.jpg
7621087214,TestData\20210810104858445_0017.jpg
7621087214,TestData\20210810104858445_0018.jpg
7621087214,TestData\20210810104858445_0019.jpg
7621087214,TestData\20210810104858445_0020.jpg
7621087215,TestData\20210810104858445_0021.jpg
7621087215,TestData\20210810104858445_0022.jpg
7621087215,TestData\20210810104858445_0023.jpg
7621087215,TestData\20210810104858445_0024.jpg
7621087216,TestData\20210810104858445_0025.jpg
7621087216,TestData\20210810104858445_0026.jpg
7621087216,TestData\20210810104858445_0027.jpg
7621087216,TestData\20210810104858445_0028.jpg
7621087217,TestData\20210810104858445_0029.jpg
7621087217,TestData\20210810104858445_0030.jpg
7521087217,TestData\20210810104858445_0031.jpg
7621087217,TestData\20210810104858445_0032.jpg
7621087218,TestData\20210810104858445_0033.jpg
7621087218,TestData\20210810104858445_0034.jpg
7621067218,TestData\20210810104858445_0035.jpg
7621087218,TestData\20210810104858445_0036.jpg
7621087219,TestData\20210810104858445_0037.jpg
7621087219,TestData\20210810104858445_0038.jpg
7621087219,TestData\20210810104858445_0039.jpg
7621087219,TestData\20210810104858445_0040.jpg
7621087220,TestData\20210810104858445_0041.jpg
7621087220,TestData\20210810104858445_0042.jpg
7621087220,TestData\20210810104858445_0043.jpg
7621087220,TestData\20210810104858445_0044.jpg
7621087221,TestData\20210810104858445_0045.jpg
7621087221,TestData\20210810104858445_0046.jpg
7621087221,TestData\20210810104858445_0047.jpg
7621087221,TestData\20210810104858445_0048.jpg
7621087222,TestData\20210810104858445_0049.jpg
7621087222,TestData\20210810104858445_0050.jpg
7621087222,TestData\20210810104858445_0051.jpg
7621087222,TestData\20210810104858445_0052.jpg
7621087223,TestData\20210810104858445_0053.jpg
7621087223,TestData\20210810104858445_0054.jpg
7621087223,TestData\20210810104858445_0055.jpg
7621087223,TestData\20210810104858445_0056.jpg
7621087224,TestData\20210810104858445_0057.jpg
7631087224,TestData\20210810104858445_0058.jpg
7621087224,TestData\20210810104858445_0059.jpg
7621087224,TestData\20210810104858445_0060.jpg
7621087225,TestData\20210810104858445_0061.jpg
7621087225,TestData\20210810104858445_0062.jpg
7621087225,TestData\20210810104858445_0063.jpg
7621087225,TestData\20210810104858445_0064.jpg
7621087226,TestData\20210810104858445_0065.jpg
7621067226,TestData\20210810104858445_0066.jpg
7621087226,TestData\20210810104858445_0067.jpg
7621087226,TestData\20210810104858445_0068.jpg
7621087227,TestData\20210810104858445_0069.jpg
7691087227,TestData\20210810104858445_0070.jpg
7631087227,TestData\20210810104858445_0071.jpg
7621087227,TestData\20210810104858445_0072.jpg
7621087228,TestData\20210810104858445_0073.jpg
7621087228,TestData\20210810104858445_0074.jpg
7621087228,TestData\20210810104858445_0075.jpg
7621087228,TestData\20210810104858445_0076.jpg
7621087229,TestData\20210810104858445_0077.jpg
7621087229,TestData\20210810104858445_0078.jpg
7621087229,TestData\20210810104858445_0079.jpg
7621087229,TestData\20210810104858445_0080.jpg
7621087230,TestData\20210810104858445_0081.jpg
7621087230,TestData\20210810104858445_0082.jpg
7621087230,TestData\20210810104858445_0083.jpg
7621087230,TestData\20210810104858445_0084.jpg
7621087231,TestData\20210810104858445_0085.jpg
7621087231,TestData\20210810104858445_0086.jpg
7621087231,TestData\20210810104858445_0087.jpg
7621087231,TestData\20210810104858445_0088.jpg
7631087232,TestData\20210810104858445_0089.jpg
7621087232,TestData\20210810104858445_0090.jpg
7621087232,TestData\20210810104858445_0091.jpg
7621087232,TestData\20210810104858445_0092.jpg
7621087233,TestData\20210810104858445_0093.jpg
7621087233,TestData\20210810104858445_0094.jpg
7621087233,TestData\20210810104858445_0095.jpg
7621087233,TestData\20210810104858445_0096.jpg
7621087234,TestData\20210810104858445_0097.jpg
7621087234,TestData\20210810104858445_0098.jpg
7621087234,TestData\20210810104858445_0099.jpg
7621087234,TestData\20210810104858445_0100.jpg
7621087235,TestData\20210810104858445_0101.jpg
7621087235,TestData\20210810104858445_0102.jpg
7621087235,TestData\20210810104858445_0103.jpg
7621087235,TestData\20210810104858445_0104.jpg
7621087236,TestData\20210810104858445_0105.jpg
7621087236,TestData\20210810104858445_0106.jpg
7691087236,TestData\20210810104858445_0107.jpg
7621087236,TestData\20210810104858445_0108.jpg
7621087237,TestData\20210810104858445_0109.jpg
7621087237,TestData\20210810104858445_0110.jpg
7621087237,TestData\20210810104858445_0111.jpg
7621087237,TestData\20210810104858445_0112.jpg
7621087238,TestData\20210810104858445_0113.jpg
7621087238,TestData\20210810104858445_0114.jpg
7621087238,TestData\20210810104858445_0115.jpg
7621087238,TestData\20210810104858445_0116.jpg
7621087239,TestData\20210810104858445_0117.jpg
7621087239,TestData\20210810104858445_0118.jpg
7621087239,TestData\20210810104858445_0119.jpg
7621087239,TestData\20210810104858445_0120.jpg
7621087240,TestData\20210810104858445_0121.jpg
7621087240,TestData\20210810104858445_0122.jpg
7621087240,TestData\20210810104858445_0123.jpg
7621087240,TestData\20210810104858445_0124.jpg
7721086719,TestData\20210810104858445_0125.jpg
7721086719,TestData\20210810104858445_0126.jpg
7721086719,TestData\20210810104858445_0127.jpg
2421080336,TestData\20210810104858445_0128.jpg
2421080336,TestData\20210810104858445_0129.jpg
2421080336,TestData\20210810104858445_0130.jpg
2421080336,TestData\20210810104858445_0131.jpg
7221080039,TestData\20210810104858445_0132.jpg
7221080039,TestData\20210810104858445_0133.jpg
7221080039,TestData\20210810104858445_0134.jpg
7221080039,TestData\20210810104858445_0135.jpg
7321084070,TestData\20210810104858445_0136.jpg
7321084070,TestData\20210810104858445_0137.jpg
7321084070,TestData\20210810104858445_0138.jpg
7321084070,TestData\20210810104858445_0139.jpg
